<?xml version="1.0" encoding="UTF-8"?>
<project-private xmlns="http://www.netbeans.org/ns/project-private/1">
    <editor-bookmarks xmlns="http://www.netbeans.org/ns/editor-bookmarks/2" lastBookmarkId="0"/>
    <open-files xmlns="http://www.netbeans.org/ns/projectui-open-files/2">
        <group>
            <file>file:/home/mahesh/NetBeansProject/NewsApp/NewsApp-ejb/src/java/ejb/NewMessage.java</file>
            <file>file:/home/mahesh/NetBeansProject/NewsApp/NewsApp-ejb/src/java/ejb/NewsEntityFacade.java</file>
            <file>file:/home/mahesh/NetBeansProject/NewsApp/NewsApp-ejb/src/java/ejb/AbstractFacade.java</file>
            <file>file:/home/mahesh/NetBeansProject/NewsApp/NewsApp-ejb/src/java/ejb/NewsEntity.java</file>
        </group>
    </open-files>
</project-private>
